Filière;Niveau de formation;N° Module;Intitulé du module;Masse horaire (h);Compétences Pedagogiques
Gestion des Entreprises;1ère Année;M101;Métier et formation;30;Connaître les techniques de prise de notes
Gestion des Entreprises;1ère Année;M101;Métier et formation;30;Consulter des ouvrages spécialisés
Gestion des Entreprises;1ère Année;M101;Métier et formation;30;Distinguer la nature et les exigences de lemploi
Gestion des Entreprises;1ère Année;M101;Métier et formation;30;Connaitre une méthode dobservation et de consignation des observations
Gestion des Entreprises;1ère Année;M101;Métier et formation;30;Distinguer les objets de lobservation
Gestion des Entreprises;1ère Année;M101;Métier et formation;30;Décrire le processus de travail, les tâches et les opérations
Gestion des Entreprises;1ère Année;M101;Métier et formation;30;Désigner les habiletés requises
Gestion des Entreprises;1ère Année;M101;Métier et formation;30;Distinguer les attitudes et comportements requis par le métier
Gestion des Entreprises;1ère Année;M101;Métier et formation;30;Distinguer les différentes composantes du programme
Gestion des Entreprises;1ère Année;M101;Métier et formation;30;Interpréter des informations présentées sous forme de schéma ou de tableau
Gestion des Entreprises;1ère Année;M101;Métier et formation;30;Distinguer une démarche de formation
Gestion des Entreprises;1ère Année;M101;Métier et formation;30;Décrire une évaluation
Gestion des Entreprises;1ère Année;M101;Métier et formation;30;Distinguer les types dévaluation
Gestion des Entreprises;1ère Année;M102;Droit fondamental;60;Définir la règle de droit
Gestion des Entreprises;1ère Année;M102;Droit fondamental;60;Reconnaître les caractéristiques de la règle de droit
Gestion des Entreprises;1ère Année;M102;Droit fondamental;60;Reconnaitre les sources directes du droit
Gestion des Entreprises;1ère Année;M102;Droit fondamental;60;Reconnaitre les sources indirectes du droit
Gestion des Entreprises;1ère Année;M102;Droit fondamental;60;Reconnaitre les branches du droit privé
Gestion des Entreprises;1ère Année;M102;Droit fondamental;60;Reconnaitre les branches du droit public
Gestion des Entreprises;1ère Année;M102;Droit fondamental;60;Reconnaitre les sujets des droits subjectifs
Gestion des Entreprises;1ère Année;M102;Droit fondamental;60;Reconnaitre les sources des droits subjectifs
Gestion des Entreprises;1ère Année;M102;Droit fondamental;60;Classifier les droits subjectifs
Gestion des Entreprises;1ère Année;M102;Droit fondamental;60;Décrire lorganisation des tribunaux de droit commun
Gestion des Entreprises;1ère Année;M102;Droit fondamental;60;Décrire lorganisation du tribunal de première instance
Gestion des Entreprises;1ère Année;M102;Droit fondamental;60;Décrire lorganisation de la cour dappel
Gestion des Entreprises;1ère Année;M102;Droit fondamental;60;Décrire lorganisation de la cour suprême
Gestion des Entreprises;1ère Année;M102;Droit fondamental;60;Décrire lorganisation des tribunaux de commerce
Gestion des Entreprises;1ère Année;M103;Management des organisations;75;Distinguer les deux approches danalyse de lentreprise
Gestion des Entreprises;1ère Année;M103;Management des organisations;75;Décrire les deux approches danalyse de lentreprise
Gestion des Entreprises;1ère Année;M103;Management des organisations;75;Définir lentreprise
Gestion des Entreprises;1ère Année;M103;Management des organisations;75;Distinguer les différents sous-systèmes de lentreprise
Gestion des Entreprises;1ère Année;M103;Management des organisations;75;Analyser les interpolations entre le système entreprise et son contexte
Gestion des Entreprises;1ère Année;M103;Management des organisations;75;Reconnaitre les critères de classification des entreprises
Gestion des Entreprises;1ère Année;M103;Management des organisations;75;Distinguer les différents types dentreprises
Gestion des Entreprises;1ère Année;M103;Management des organisations;75;Différencier les différentes structures de lentreprise
Gestion des Entreprises;1ère Année;M103;Management des organisations;75;Décrire les composantes du macro environnement
Gestion des Entreprises;1ère Année;M103;Management des organisations;75;Reconnaitre limpact des réseaux sociaux sur lorganisation
Gestion des Entreprises;1ère Année;M103;Management des organisations;75;Sapproprier le concept de la qualité totale
Gestion des Entreprises;1ère Année;M103;Management des organisations;75;Reconnaitre les étapes de mise en place de la démarche qualité
Gestion des Entreprises;1ère Année;M103;Management des organisations;75;Reconnaitre la démarche damélioration continue
Gestion des Entreprises;1ère Année;M103;Management des organisations;75;Reconnaitre les avantages de la démarche de certification
Gestion des Entreprises;1ère Année;M104;Comptabilité générale 1;135;Définir la comptabilité générale
Gestion des Entreprises;1ère Année;M104;Comptabilité générale 1;135;Reconnaitre le rôle de la comptabilité générale
Gestion des Entreprises;1ère Année;M104;Comptabilité générale 1;135;Distinguer les différents types de comptabilité
Gestion des Entreprises;1ère Année;M104;Comptabilité générale 1;135;Reconnaitre le code général de la normalisation Comptable
Gestion des Entreprises;1ère Année;M104;Comptabilité générale 1;135;Reconnaitre le cadre conceptuel de la comptabilité marocaine
Gestion des Entreprises;1ère Année;M104;Comptabilité générale 1;135;Reconnaitre les obligations comptables de lentreprise
Gestion des Entreprises;1ère Année;M104;Comptabilité générale 1;135;Définir le bilan
Gestion des Entreprises;1ère Année;M104;Comptabilité générale 1;135;Etablir un bilan
Gestion des Entreprises;1ère Année;M104;Comptabilité générale 1;135;Suivre les variations du bilan
Gestion des Entreprises;1ère Année;M104;Comptabilité générale 1;135;Analyser une opération comptable en terme demploi et de ressource de financement
Gestion des Entreprises;1ère Année;M104;Comptabilité générale 1;135;Définir le compte
Gestion des Entreprises;1ère Année;M104;Comptabilité générale 1;135;Distinguer les différentes manières de présentation dun compte
Gestion des Entreprises;1ère Année;M104;Comptabilité générale 1;135;Reconnaitre le fonctionnement des comptes du bilan
Gestion des Entreprises;1ère Année;M104;Comptabilité générale 1;135;Définir le CPC
Gestion des Entreprises;1ère Année;M104;Comptabilité générale 1;135;Reconnaitre la structure du CPC
Gestion des Entreprises;1ère Année;M104;Comptabilité générale 1;135;Etablir le CPC
Gestion des Entreprises;1ère Année;M104;Comptabilité générale 1;135;Reconnaitre le fonctionnement des comptes des produits et de charges
Gestion des Entreprises;1ère Année;M104;Comptabilité générale 1;135;Utiliser le plan comptable général
Gestion des Entreprises;1ère Année;M104;Comptabilité générale 1;135;Reconnaitre les états de synthèse selon le CGNC
Gestion des Entreprises;1ère Année;M104;Comptabilité générale 1;135;Appliquer le principe de la partie double
Gestion des Entreprises;1ère Année;M104;Comptabilité générale 1;135;Etablir les livres comptables obligatoires
Gestion des Entreprises;1ère Année;M104;Comptabilité générale 1;135;Etablir la balance des comptes
Gestion des Entreprises;1ère Année;M104;Comptabilité générale 1;135;Distinguer les différents types de factures
Gestion des Entreprises;1ère Année;M104;Comptabilité générale 1;135;Traiter et enregistrer les factures dans les comptes correspondants
Gestion des Entreprises;1ère Année;M104;Comptabilité générale 1;135;Distinguer les différents types de TVA
Gestion des Entreprises;1ère Année;M104;Comptabilité générale 1;135;Effectuer le traitement comptable de la TVA
Gestion des Entreprises;1ère Année;M104;Comptabilité générale 1;135;Effectuer le traitement fiscal de la TVA
Gestion des Entreprises;1ère Année;M104;Comptabilité générale 1;135;Effectuer des opérations sur les emballages
Gestion des Entreprises;1ère Année;M104;Comptabilité générale 1;135;Distinguer les différents types de moyens de paiement
Gestion des Entreprises;1ère Année;M104;Comptabilité générale 1;135;Traiter et enregistrer les opérations de paiement dans les comptes correspondants
Gestion des Entreprises;1ère Année;M104;Comptabilité générale 1;135;Effectuer des opérations sur les effets de commerce
Gestion des Entreprises;1ère Année;M104;Comptabilité générale 1;135;Distinguer les différents types de documents commerciaux
Gestion des Entreprises;1ère Année;M104;Comptabilité générale 1;135;Décrire le système centralisateur
Gestion des Entreprises;1ère Année;M104;Comptabilité générale 1;135;Reconnaitre les règles de pointage des chèques et autres pièces
Gestion des Entreprises;1ère Année;M104;Comptabilité générale 1;135;Etablir la concordance du rapprochement bancaire avec le relevé bancaire
Gestion des Entreprises;1ère Année;M104;Comptabilité générale 1;135;Reporter les mouvements et les soldes
Gestion des Entreprises;1ère Année;M104;Comptabilité générale 1;135;Contrôler les sommes et les soldes
Gestion des Entreprises;1ère Année;M104;Comptabilité générale 1;135;Etablir le rapprochement des montants de la balance avec ceux des journaux
Gestion des Entreprises;1ère Année;M105;Gestion électronique des données;40;Définir les concepts de gestion des dossiers
Gestion des Entreprises;1ère Année;M105;Gestion électronique des données;40;Appliquer les différents ordres de classement
Gestion des Entreprises;1ère Année;M105;Gestion électronique des données;40;Décrire la chaîne du document numérique
Gestion des Entreprises;1ère Année;M105;Gestion électronique des données;40;Enumérer les enjeux relatifs à la GED
Gestion des Entreprises;1ère Année;M105;Gestion électronique des données;40;Définir la valeur légale du document numérique
Gestion des Entreprises;1ère Année;M105;Gestion électronique des données;40;Décrire la démarche dinstallation dune GED
Gestion des Entreprises;1ère Année;M106;Marketing;90;Reconnaitre le rôle et limportance dune approche marketing pour lentreprise
Gestion des Entreprises;1ère Année;M106;Marketing;90;Situer la fonction marketing par rapport à la structure organisationnelle de lentreprise
Gestion des Entreprises;1ère Année;M106;Marketing;90;Reconnaitre les fondements théoriques du marketing
Gestion des Entreprises;1ère Année;M106;Marketing;90;Décrire lévolution de la fonction Marketing dans le temps
Gestion des Entreprises;1ère Année;M106;Marketing;90;Enumérer les champs daction du Marketing
Gestion des Entreprises;1ère Année;M106;Marketing;90;Reconnaitre les facteurs influençant lachat
Gestion des Entreprises;1ère Année;M106;Marketing;90;Décrire le processus dachat
Gestion des Entreprises;1ère Année;M106;Marketing;90;Analyser le processus de réponse du client
Gestion des Entreprises;1ère Année;M106;Marketing;90;Différencier les différentes démarches de létude du marché
Gestion des Entreprises;1ère Année;M106;Marketing;90;Reconnaitre les étapes de réalisation dune enquête par sondage
Gestion des Entreprises;1ère Année;M106;Marketing;90;Concevoir le questionnaire de lenquête par sondage
Gestion des Entreprises;1ère Année;M106;Marketing;90;Décrire la structure dun marché
Gestion des Entreprises;1ère Année;M106;Marketing;90;Reconnaitre les critères de choix dune cible
Gestion des Entreprises;1ère Année;M106;Marketing;90;Différencier les différentes stratégies marketing
Gestion des Entreprises;1ère Année;M106;Marketing;90;Reconnaitre les étapes délaboration et de mise en oeuvre du plan marketing
Gestion des Entreprises;1ère Année;M106;Marketing;90;Décrire la politique du produit
Gestion des Entreprises;1ère Année;M106;Marketing;90;Décrire la politique du prix
Gestion des Entreprises;1ère Année;M106;Marketing;90;Décrire la politique de distribution
Gestion des Entreprises;1ère Année;M106;Marketing;90;Décrire la politique de communication
Gestion des Entreprises;1ère Année;M107;Comptabilité générale 2;70;Etablir la balance avant inventaire
Gestion des Entreprises;1ère Année;M107;Comptabilité générale 2;70;Reconnaitre lintérêt des travaux de fin dexercice
Gestion des Entreprises;1ère Année;M107;Comptabilité générale 2;70;Enumérer les différentes opérations de régularisation
Gestion des Entreprises;1ère Année;M107;Comptabilité générale 2;70;Décrire les étapes de linventaire
Gestion des Entreprises;1ère Année;M107;Comptabilité générale 2;70;Distinguer les différentes opérations dinventaire
Gestion des Entreprises;1ère Année;M107;Comptabilité générale 2;70;Effectuer les opérations damortissement
Gestion des Entreprises;1ère Année;M107;Comptabilité générale 2;70;Régulariser les sorties dimmobilisations
Gestion des Entreprises;1ère Année;M107;Comptabilité générale 2;70;Régulariser les provisions pour dépréciations
Gestion des Entreprises;1ère Année;M107;Comptabilité générale 2;70;Régulariser les provisions pour risques et charges et les provisions réglementées
Gestion des Entreprises;1ère Année;M107;Comptabilité générale 2;70;Régulariser les comptes de charges et de produits
Gestion des Entreprises;1ère Année;M107;Comptabilité générale 2;70;Régulariser le compte banque
Gestion des Entreprises;1ère Année;M107;Comptabilité générale 2;70;Comptabiliser et régulariser les stocks
Gestion des Entreprises;1ère Année;M107;Comptabilité générale 2;70;Régulariser les écarts de conversion
Gestion des Entreprises;1ère Année;M107;Comptabilité générale 2;70;Etablir la balance après inventaire et avant regroupement et détermination de résultat
Gestion des Entreprises;1ère Année;M107;Comptabilité générale 2;70;Etablir le CPC
Gestion des Entreprises;1ère Année;M107;Comptabilité générale 2;70;Passer les écritures de détermination du résultat
Gestion des Entreprises;1ère Année;M107;Comptabilité générale 2;70;Distinguer les différents états de synthèse selon les modèles normal et simplifié
Gestion des Entreprises;1ère Année;M107;Comptabilité générale 2;70;Etablir les tableaux de lETIC du modèle normal
Gestion des Entreprises;1ère Année;M107;Comptabilité générale 2;70;Etablir létat des soldes de gestion (ESG)
Gestion des Entreprises;1ère Année;M108;Ecrits professionnels;60;Distinguer les différents types des écrits professionnels
Gestion des Entreprises;1ère Année;M108;Ecrits professionnels;60;Reconnaitre les enjeux des objectifs et des spécificités des écrits professionnels
Gestion des Entreprises;1ère Année;M108;Ecrits professionnels;60;Définir lobjectif de lécrit
Gestion des Entreprises;1ère Année;M108;Ecrits professionnels;60;Sélectionner le format de lécrit
Gestion des Entreprises;1ère Année;M108;Ecrits professionnels;60;Structurer lécrit professionnel
Gestion des Entreprises;1ère Année;M108;Ecrits professionnels;60;Reconnaitre les règles de rédaction de lécrit professionnel
Gestion des Entreprises;1ère Année;M108;Ecrits professionnels;60;Saisir un écrit professionnel
Gestion des Entreprises;1ère Année;M108;Ecrits professionnels;60;Reconnaitre les règles de grammaire et dorthographe
Gestion des Entreprises;1ère Année;M108;Ecrits professionnels;60;Utiliser des logiciels correcteurs
Gestion des Entreprises;1ère Année;M109;Statistique;80;Expliquer lintérêt de la statistique
Gestion des Entreprises;1ère Année;M109;Statistique;80;Définir la terminologie et le vocabulaire utilisées en statistiques
Gestion des Entreprises;1ère Année;M109;Statistique;80;Distinguer les différents types de caractères
Gestion des Entreprises;1ère Année;M109;Statistique;80;Reconnaitre les étapes délaboration dune série statistique
Gestion des Entreprises;1ère Année;M109;Statistique;80;Distinguer les différents types de représentations graphiques
Gestion des Entreprises;1ère Année;M109;Statistique;80;Construire les représentations graphiques
Gestion des Entreprises;1ère Année;M109;Statistique;80;Définir les différents paramètres de position
Gestion des Entreprises;1ère Année;M109;Statistique;80;Calculer les différents paramètres de position
Gestion des Entreprises;1ère Année;M109;Statistique;80;Définir les différents paramètres de dispersion
Gestion des Entreprises;1ère Année;M109;Statistique;80;Calculer les différents paramètres de dispersion
Gestion des Entreprises;1ère Année;M109;Statistique;80;Déterminer léquation dajustement linéaire liant deux variables statistiques
Gestion des Entreprises;1ère Année;M109;Statistique;80;Calculer le coefficient de corrélation linéaire
Gestion des Entreprises;1ère Année;M109;Statistique;80;Expliquer le phénomène de concentration
Gestion des Entreprises;1ère Année;M109;Statistique;80;Déterminer algébriquement la concentration
Gestion des Entreprises;1ère Année;M109;Statistique;80;Déterminer graphiquement la concentration
Gestion des Entreprises;1ère Année;M109;Statistique;80;Reconnaitre les étapes dune enquête statistique
Gestion des Entreprises;1ère Année;M109;Statistique;80;Reconnaitre les critères impératifs à surveiller lors de lélaboration du questionnaire
Gestion des Entreprises;1ère Année;M109;Statistique;80;Distinguer les différents types de questions
Gestion des Entreprises;1ère Année;M109;Statistique;80;Reconnaitre la structure et les différentes formes de présentation du questionnaire
Gestion des Entreprises;1ère Année;M109;Statistique;80;Reconnaitre les techniques dadministration du questionnaire
Gestion des Entreprises;1ère Année;M110;Logiciel de Gestion Commerciale et Comptable;60;Effectuer le paramétrage de la société
Gestion des Entreprises;1ère Année;M110;Logiciel de Gestion Commerciale et Comptable;60;Effectuer le paramétrage de la structure comptable de la société
Gestion des Entreprises;1ère Année;M110;Logiciel de Gestion Commerciale et Comptable;60;Saisir les écritures comptables et analytiques dans les journaux correspondants
Gestion des Entreprises;1ère Année;M110;Logiciel de Gestion Commerciale et Comptable;60;Traiter les documents dachats et de vente
Gestion des Entreprises;1ère Année;M110;Logiciel de Gestion Commerciale et Comptable;60;Créer un dossier commercial
Gestion des Entreprises;1ère Année;M110;Logiciel de Gestion Commerciale et Comptable;60;Créer une structure commerciale
Gestion des Entreprises;1ère Année;M110;Logiciel de Gestion Commerciale et Comptable;60;Traiter les documents commerciaux
Gestion des Entreprises;1ère Année;M110;Logiciel de Gestion Commerciale et Comptable;60;Editer et paramétrer les documents commerciaux
Gestion des Entreprises;1ère Année;M110;Logiciel de Gestion Commerciale et Comptable;60;Analyser les performances commerciales
Gestion des Entreprises;1ère Année;M110;Logiciel de Gestion Commerciale et Comptable;60;Enumérer les avantages dun logiciel de gestion des stocks
Gestion des Entreprises;1ère Année;M110;Logiciel de Gestion Commerciale et Comptable;60;Utiliser les principales fonctionnalités dun logiciel de gestion des stocks
Gestion des Entreprises;1ère Année;M110;Logiciel de Gestion Commerciale et Comptable;60;Traiter des Documents de Stocks
GEOCF;2ème Année;M201;Pratique de la paie;60;Différencier les différentes formes de la rémunération
GEOCF;2ème Année;M201;Pratique de la paie;60;Identifier les composantes du salaire
GEOCF;2ème Année;M201;Pratique de la paie;60;Comptabiliser les charges de personnel
GEOCF;2ème Année;M201;Pratique de la paie;60;Exploiter les fonctions de base du logiciel de la paie
GEOCF;2ème Année;M201;Pratique de la paie;60;Paramétrer la société
GEOCF;2ème Année;M201;Pratique de la paie;60;Paramétrer le plan de paie
GEOCF;2ème Année;M201;Pratique de la paie;60;Effectuer la modélisation comptable
GEOCF;2ème Année;M201;Pratique de la paie;60;Reconnaitre les informations des fiches de comptes
GEOCF;2ème Année;M201;Pratique de la paie;60;Passer des écritures comptables
GEOCF;2ème Année;M201;Pratique de la paie;60;Sélectionner un modèle de bulletin de paie
GEOCF;2ème Année;M201;Pratique de la paie;60;Manipuler lassistant de préparation des bulletins
GEOCF;2ème Année;M201;Pratique de la paie;60;Préparer les informations nécessaires à la paie des salariés
GEOCF;2ème Année;M201;Pratique de la paie;60;Etablir le bulletin de paie
GEOCF;2ème Année;M201;Pratique de la paie;60;Editer les bulletins de paie
GEOCF;2ème Année;M201;Pratique de la paie;60;Etablir les états de paiement
GEOCF;2ème Année;M202;Contrôle de gestion - Comptabilité analytique d'exploitation;80;Définir la comptabilité analytique dexploitation
GEOCF;2ème Année;M202;Contrôle de gestion - Comptabilité analytique d'exploitation;80;Reconnaitre les caractéristiques des différents types de couts de la comptabilité analytique dexploitation
GEOCF;2ème Année;M202;Contrôle de gestion - Comptabilité analytique d'exploitation;80;Identifier les différents types de charges de la comptabilité analytique dexploitation
GEOCF;2ème Année;M202;Contrôle de gestion - Comptabilité analytique d'exploitation;80;Identifier les différents types de produits de la comptabilité analytique dexploitation
GEOCF;2ème Année;M202;Contrôle de gestion - Comptabilité analytique d'exploitation;80;Identifier les différents types dinventaires
GEOCF;2ème Année;M202;Contrôle de gestion - Comptabilité analytique d'exploitation;80;Appliquer les différentes méthodes dévaluation des sorties des stocks
GEOCF;2ème Année;M202;Contrôle de gestion - Comptabilité analytique d'exploitation;80;Traiter les différences dinventaire
GEOCF;2ème Année;M202;Contrôle de gestion - Comptabilité analytique d'exploitation;80;Reconnaitre les différents stades du cycle dexploitation de lentreprise
GEOCF;2ème Année;M202;Contrôle de gestion - Comptabilité analytique d'exploitation;80;Décrire le réseau des couts dune entreprise
GEOCF;2ème Année;M202;Contrôle de gestion - Comptabilité analytique d'exploitation;80;Traiter les problèmes particuliers du cout de production
GEOCF;2ème Année;M202;Contrôle de gestion - Comptabilité analytique d'exploitation;80;Identifier les inconvénients des couts complets
GEOCF;2ème Année;M202;Contrôle de gestion - Comptabilité analytique d'exploitation;80;Identifier les méthodes de traitement des charges indirectes
GEOCF;2ème Année;M202;Contrôle de gestion - Comptabilité analytique d'exploitation;80;Appliquer la méthode des sections homogènes
GEOCF;2ème Année;M202;Contrôle de gestion - Comptabilité analytique d'exploitation;80;Appliquer la méthode ABC
GEOCF;2ème Année;M202;Contrôle de gestion - Comptabilité analytique d'exploitation;80;Appliquer la méthode de limputation des charges fixes
GEOCF;2ème Année;M202;Contrôle de gestion - Comptabilité analytique d'exploitation;80;Sapproprier les fondements de la méthode des coûts préétablis
GEOCF;2ème Année;M202;Contrôle de gestion - Comptabilité analytique d'exploitation;80;Analyser les écarts sur coûts préétablis
GEOCF;2ème Année;M203;Mathématiques financières;70;Sapproprier les bases des intérêts simples
GEOCF;2ème Année;M203;Mathématiques financières;70;Appliquer les formules de calcul des intérêts simples
GEOCF;2ème Année;M203;Mathématiques financières;70;Calculer la valeur définitive
GEOCF;2ème Année;M203;Mathématiques financières;70;Sapproprier les techniques de lescompte commercial
GEOCF;2ème Année;M203;Mathématiques financières;70;Calculer le taux moyen de plusieurs placements
GEOCF;2ème Année;M203;Mathématiques financières;70;Sapproprier les intérêts précomptés
GEOCF;2ème Année;M203;Mathématiques financières;70;Appliquer les intérêts simples aux comptes courants et dintérêts
GEOCF;2ème Année;M203;Mathématiques financières;70;Sapproprier les bases des intérêts composés
GEOCF;2ème Année;M203;Mathématiques financières;70;Appliquer les formules de calcul des intérêts composés
GEOCF;2ème Année;M203;Mathématiques financières;70;Evaluer un capital à une date donnée
GEOCF;2ème Année;M203;Mathématiques financières;70;Calculer la valeur actuelle
GEOCF;2ème Année;M203;Mathématiques financières;70;Appliquer les taux proportionnels et les taux équivalents
GEOCF;2ème Année;M203;Mathématiques financières;70;Définir les annuités
GEOCF;2ème Année;M203;Mathématiques financières;70;Calculer la valeur acquise par le versement dune suite de plusieurs annuités constantes
GEOCF;2ème Année;M203;Mathématiques financières;70;Calculer la valeur actuelle par le versement dune suite de plusieurs annuités constantes
GEOCF;2ème Année;M203;Mathématiques financières;70;Différencier lemprunt indivis et lemprunt obligataire
GEOCF;2ème Année;M203;Mathématiques financières;70;Construire le tableau damortissement de lemprunt
GEOCF;2ème Année;M203;Mathématiques financières;70;Calculer le capital restant dû en fin de période
GEOCF;2ème Année;M204;Droit des affaires;60;Définir le concept de droit des affaires
GEOCF;2ème Année;M204;Droit des affaires;60;Identifier les sources de droit des affaires
GEOCF;2ème Année;M204;Droit des affaires;60;Définir le contrat
GEOCF;2ème Année;M204;Droit des affaires;60;Classifier les contrats
GEOCF;2ème Année;M204;Droit des affaires;60;Reconnaitre les conditions de validité du contrat
GEOCF;2ème Année;M204;Droit des affaires;60;Reconnaitre les principales obligations communes à toutes les personnes de droit commercial
GEOCF;2ème Année;M204;Droit des affaires;60;Identifier les fondements juridiques des obligations
GEOCF;2ème Année;M204;Droit des affaires;60;Reconnaitre les caractères des obligations
GEOCF;2ème Année;M204;Droit des affaires;60;Définir le fonds de commerce
GEOCF;2ème Année;M204;Droit des affaires;60;Reconnaitre les éléments du fonds de commerce
GEOCF;2ème Année;M204;Droit des affaires;60;Reconnaitre les différentes opérations sur le fonds de commerce
GEOCF;2ème Année;M204;Droit des affaires;60;Identifier les fondements juridiques régissant le contrat de société
GEOCF;2ème Année;M204;Droit des affaires;60;Reconnaitre les conditions de formation des sociétés
GEOCF;2ème Année;M204;Droit des affaires;60;Identifier les différents types de société
GEOCF;2ème Année;M204;Droit des affaires;60;Reconnaitre les fondements juridiques régissant la formation du contrat de travail
GEOCF;2ème Année;M204;Droit des affaires;60;Reconnaitre les spécificités régissant la validité du contrat de travail quant au fond et à la forme
GEOCF;2ème Année;M204;Droit des affaires;60;Différencier les caractéristiques du contrat de travail par rapport aux autres contrats de droit commun
GEOCF;2ème Année;M204;Droit des affaires;60;Reconnaitre les différentes catégories de contrats de travail
GEOCF;2ème Année;M204;Droit des affaires;60;Elaborer un modèle de contrats de travail
GEOCF;2ème Année;M204;Droit des affaires;60;Conclure un contrat de travail
GEOCF;2ème Année;M204;Droit des affaires;60;Exécuter le contrat de travail
GEOCF;2ème Année;M204;Droit des affaires;60;Suspendre le contrat de travail
GEOCF;2ème Année;M204;Droit des affaires;60;Cesser le contrat de travail
GEOCF;2ème Année;M204;Droit des affaires;60;Reconnaitre lorganisation du régime général de la Sécurité sociale
GEOCF;2ème Année;M204;Droit des affaires;60;Superviser les allocations et les prestations de CNSS
GEOCF;2ème Année;M204;Droit des affaires;60;Sapproprier les dispositions légales régissant la durée de travail
GEOCF;2ème Année;M204;Droit des affaires;60;Sapproprier les dispositions légales régissant la rémunération
GEOCF;2ème Année;M204;Droit des affaires;60;Sapproprier les modalités de la rémunération
GEOCF;2ème Année;M204;Droit des affaires;60;Sapproprier les dispositions de la représentation collective
GEOCF;2ème Année;M204;Droit des affaires;60;Sapproprier les dispositions des conventions collectives
GEOCF;2ème Année;M205;Bureautique avancée;60;Enumérer les fonctions avancées dun logiciel de traitement de texte
GEOCF;2ème Année;M205;Bureautique avancée;60;Décrire la méthode de Personnalisation du logiciel
GEOCF;2ème Année;M205;Bureautique avancée;60;Décrire la méthode de Disposition du texte en colonnes
GEOCF;2ème Année;M205;Bureautique avancée;60;Décrire la méthode dutilisation des styles des thèmes et des modèles
GEOCF;2ème Année;M205;Bureautique avancée;60;Décrire la méthode de création dun document en mode plan de tables des matières dindex et de tables dillustrations
GEOCF;2ème Année;M205;Bureautique avancée;60;Décrire la méthode dutilisation de plusieurs fenêtres de fusion et publipostage
GEOCF;2ème Année;M205;Bureautique avancée;60;Décrire la méthode de mise en page à laide des sections et dutilisation des formulaires
GEOCF;2ème Année;M205;Bureautique avancée;60;Décrire la méthode de création des macros de protection et révision dun document
GEOCF;2ème Année;M205;Bureautique avancée;60;Enumérer les fonctions avancées dun tableur
GEOCF;2ème Année;M205;Bureautique avancée;60;Décrire la méthode de mise en forme
GEOCF;2ème Année;M205;Bureautique avancée;60;Décrire la méthode dinsertion de dessins images et objets graphiques
GEOCF;2ème Année;M205;Bureautique avancée;60;Décrire la méthode de représentation graphique des données
GEOCF;2ème Année;M205;Bureautique avancée;60;Décrire la méthode de gestion et danalyse des données
GEOCF;2ème Année;M205;Bureautique avancée;60;Décrire la méthode de contrôle déchange et de collaboration
GEOCF;2ème Année;M205;Bureautique avancée;60;Enumérer les fonctions avancées du Powerpoint
GEOCF;2ème Année;M205;Bureautique avancée;60;Décrire la méthode de traitement des objets
GEOCF;2ème Année;M205;Bureautique avancée;60;Décrire la méthode danimation des diapositives
GEOCF;2ème Année;M205;Bureautique avancée;60;Décrire la méthode dinsertion des commentaires
GEOCF;2ème Année;M205;Bureautique avancée;60;Décrire la méthode dexportation
GEOCF;2ème Année;M205;Bureautique avancée;60;Enumérer les fonctions avancées Outlook
GEOCF;2ème Année;M205;Bureautique avancée;60;Décrire la méthode de personnalisation de linterface
GEOCF;2ème Année;M205;Bureautique avancée;60;Décrire la méthode de personnalisation de la messagerie
GEOCF;2ème Année;M205;Bureautique avancée;60;Décrire la méthode de gestion des contacts
GEOCF;2ème Année;M205;Bureautique avancée;60;Décrire la méthode de gestion des taches
GEOCF;2ème Année;M206;Comptabilité approfondie;140;Reconnaitre les caractères fondamentaux du code général de la normalisation comptable (CGNC)
GEOCF;2ème Année;M206;Comptabilité approfondie;140;Décrire lorganisation de la comptabilité générale
GEOCF;2ème Année;M206;Comptabilité approfondie;140;Reconnaitre les caractéristiques des états de synthèse
GEOCF;2ème Année;M206;Comptabilité approfondie;140;Appliquer les méthodes dévaluation
GEOCF;2ème Année;M206;Comptabilité approfondie;140;Sapproprier les règles dévaluations des immobilisations incorporelles et corporelles
GEOCF;2ème Année;M206;Comptabilité approfondie;140;Comptabiliser une entrée dimmobilisation
GEOCF;2ème Année;M206;Comptabilité approfondie;140;Comptabiliser une sortie dimmobilisation
GEOCF;2ème Année;M206;Comptabilité approfondie;140;Effectuer le traitement comptable de la réévaluation des immobilisations
GEOCF;2ème Année;M206;Comptabilité approfondie;140;Appliquer les méthodes dévaluation des stocks
GEOCF;2ème Année;M206;Comptabilité approfondie;140;Appliquer les méthodes dinventaire
GEOCF;2ème Année;M206;Comptabilité approfondie;140;Comptabiliser les stocks à lentrée du patrimoine
GEOCF;2ème Année;M206;Comptabilité approfondie;140;Régulariser les comptes de gestion
GEOCF;2ème Année;M206;Comptabilité approfondie;140;Régulariser les charges activables
GEOCF;2ème Année;M206;Comptabilité approfondie;140;Régulariser les produits imputables à plusieurs exercices
GEOCF;2ème Année;M206;Comptabilité approfondie;140;Comptabiliser les immobilisations produites par lentreprise pour elle-même
GEOCF;2ème Année;M206;Comptabilité approfondie;140;Sapproprier les techniques de comptabilisation des faits postérieurs à lexercice et des changements comptables
GEOCF;2ème Année;M206;Comptabilité approfondie;140;Comptabiliser les opérations de constitution
GEOCF;2ème Année;M206;Comptabilité approfondie;140;Comptabiliser laffectation des résultats
GEOCF;2ème Année;M206;Comptabilité approfondie;140;Comptabiliser les opérations de variation du capital
GEOCF;2ème Année;M206;Comptabilité approfondie;140;Reconnaitre les caractéristiques dune association
GEOCF;2ème Année;M206;Comptabilité approfondie;140;Reconnaitre les obligations comptables des associations
GEOCF;2ème Année;M206;Comptabilité approfondie;140;Sapproprier le plan comptable associatif
GEOCF;2ème Année;M206;Comptabilité approfondie;140;Comptabiliser les opérations propres aux associations
GEOCF;2ème Année;M206;Comptabilité approfondie;140;Elaborer les états de synthèse des associations
GEOCF;2ème Année;M207;Analyse financière;75;Sapproprier la démarche du diagnostic financier
GEOCF;2ème Année;M207;Analyse financière;75;Définir les objectifs du diagnostic financier
GEOCF;2ème Année;M207;Analyse financière;75;Reconnaitre les cycles financiers de lentreprise
GEOCF;2ème Année;M207;Analyse financière;75;Etablir létat des soldes de gestion
GEOCF;2ème Année;M207;Analyse financière;75;Reconnaitre les retraitements du CPC
GEOCF;2ème Année;M207;Analyse financière;75;Evaluer la CAF
GEOCF;2ème Année;M207;Analyse financière;75;Différencier les deux approches danalyse du bilan
GEOCF;2ème Année;M207;Analyse financière;75;Analyser le bilan selon lapproche fonctionnelle
GEOCF;2ème Année;M207;Analyse financière;75;Analyser le bilan selon lapproche liquidité
GEOCF;2ème Année;M207;Analyse financière;75;Reconnaitre les principales catégories de ratios financiers
GEOCF;2ème Année;M207;Analyse financière;75;Calculer les ratios financiers
GEOCF;2ème Année;M207;Analyse financière;75;Interpréter les résultats
GEOCF;2ème Année;M207;Analyse financière;75;Reconnaitre la structure du tableau de financement
GEOCF;2ème Année;M207;Analyse financière;75;Analyser les variations des masses du bilan
GEOCF;2ème Année;M207;Analyse financière;75;Etablir le tableau des emplois et des ressources
GEOCF;2ème Année;M208;Fiscalité de l'entreprise;90;Identifier le champ dapplication de la TVA
GEOCF;2ème Année;M208;Fiscalité de l'entreprise;90;Reconnaitre les différents types dopérations imposables
GEOCF;2ème Année;M208;Fiscalité de l'entreprise;90;Reconnaitre les différents types dopérations exonérées
GEOCF;2ème Année;M208;Fiscalité de l'entreprise;90;Sapproprier la notion de territorialité de la TVA
GEOCF;2ème Année;M208;Fiscalité de l'entreprise;90;Reconnaitre le fait générateur de la TVA
GEOCF;2ème Année;M208;Fiscalité de l'entreprise;90;Reconnaitre les différents taux TVA
GEOCF;2ème Année;M208;Fiscalité de l'entreprise;90;Sapproprier les règles dassiette de la TVA
GEOCF;2ème Année;M208;Fiscalité de l'entreprise;90;Reconnaitre les déductions de la TVA
GEOCF;2ème Année;M208;Fiscalité de l'entreprise;90;Sapproprier les régimes des déclaration et paiement de la TVA
GEOCF;2ème Année;M208;Fiscalité de l'entreprise;90;Identifier le champ dapplication de lIS
GEOCF;2ème Année;M208;Fiscalité de l'entreprise;90;Reconnaitre les différents types dexclusions
GEOCF;2ème Année;M208;Fiscalité de l'entreprise;90;Reconnaitre les différents types dexonérations
GEOCF;2ème Année;M208;Fiscalité de l'entreprise;90;Déterminer la base imposable
GEOCF;2ème Année;M208;Fiscalité de l'entreprise;90;Reconnaitre les différents types de charges déductibles
GEOCF;2ème Année;M208;Fiscalité de l'entreprise;90;Sapproprier la liquidation de limpôt sur les sociétés
GEOCF;2ème Année;M208;Fiscalité de l'entreprise;90;Sapproprier les règles de détermination et dimposition
GEOCF;2ème Année;M208;Fiscalité de l'entreprise;90;Reconnaitre les modalités dimposition
GEOCF;2ème Année;M208;Fiscalité de l'entreprise;90;Déterminer le revenu global imposable et de lIR
GEOCF;2ème Année;M208;Fiscalité de l'entreprise;90;Procéder au paiement de limpôt
GEOCF;2ème Année;M208;Fiscalité de l'entreprise;90;Identifier le champ dapplication des revenus professionnels
GEOCF;2ème Année;M208;Fiscalité de l'entreprise;90;Sapproprier le régime du résultat net réel
GEOCF;2ème Année;M208;Fiscalité de l'entreprise;90;Sapproprier le régime du résultat net simplifié
GEOCF;2ème Année;M208;Fiscalité de l'entreprise;90;Sapproprier le régime du bénéfice forfaitaire
GEOCF;2ème Année;M208;Fiscalité de l'entreprise;90;Sapproprier le régime de la cotisation minimale
GEOCF;2ème Année;M208;Fiscalité de l'entreprise;90;Identifier le champ dapplication des revenus salariaux et assimilés
GEOCF;2ème Année;M208;Fiscalité de l'entreprise;90;Sapproprier les modalités de paiement
GEOCF;2ème Année;M208;Fiscalité de l'entreprise;90;Sapproprier lIR des revenus des capitaux mobiliers
GEOCF;2ème Année;M208;Fiscalité de l'entreprise;90;Sapproprier lIR des revenus des profits de cession de valeurs mobilières
GEOCF;2ème Année;M209;Contrôle de gestion - budgets et tableau de bord;90;Définir la gestion budgétaire
GEOCF;2ème Année;M209;Contrôle de gestion - budgets et tableau de bord;90;Identifier les objectifs de la gestion budgétaire
GEOCF;2ème Année;M209;Contrôle de gestion - budgets et tableau de bord;90;Décrire les étapes de la démarche budgétaire
GEOCF;2ème Année;M209;Contrôle de gestion - budgets et tableau de bord;90;Appliquer les méthodes de prévision des ventes
GEOCF;2ème Année;M209;Contrôle de gestion - budgets et tableau de bord;90;Reconnaitre les critères de ventilation du budget des ventes
GEOCF;2ème Année;M209;Contrôle de gestion - budgets et tableau de bord;90;Contrôler le budget des ventes
GEOCF;2ème Année;M209;Contrôle de gestion - budgets et tableau de bord;90;Elaborer le budget des approvisionnements
GEOCF;2ème Année;M209;Contrôle de gestion - budgets et tableau de bord;90;Elaborer le budget de production
GEOCF;2ème Année;M209;Contrôle de gestion - budgets et tableau de bord;90;Elaborer le budget des frais commerciaux
GEOCF;2ème Année;M209;Contrôle de gestion - budgets et tableau de bord;90;Reconnaitre les différents types dinvestissements
GEOCF;2ème Année;M209;Contrôle de gestion - budgets et tableau de bord;90;Reconnaitre les différents types de financement des investissements
GEOCF;2ème Année;M209;Contrôle de gestion - budgets et tableau de bord;90;Décrire la procédure délaboration de budget des investissements
GEOCF;2ème Année;M209;Contrôle de gestion - budgets et tableau de bord;90;Appliquer les méthodes de choix des investissements
GEOCF;2ème Année;M209;Contrôle de gestion - budgets et tableau de bord;90;Etablir le plan de financement prévisionnel
GEOCF;2ème Année;M209;Contrôle de gestion - budgets et tableau de bord;90;Définir le budget de la trésorerie
GEOCF;2ème Année;M209;Contrôle de gestion - budgets et tableau de bord;90;Sapproprier la démarche de construction du budget de la trésorerie
GEOCF;2ème Année;M209;Contrôle de gestion - budgets et tableau de bord;90;Etablir le budget des encaissements
GEOCF;2ème Année;M209;Contrôle de gestion - budgets et tableau de bord;90;Etablir le budget des décaissements
GEOCF;2ème Année;M209;Contrôle de gestion - budgets et tableau de bord;90;Etablir le budget global de trésorerie
GEOCF;2ème Année;M209;Contrôle de gestion - budgets et tableau de bord;90;Identifier les états de synthèse prévisionnels
GEOCF;2ème Année;M209;Contrôle de gestion - budgets et tableau de bord;90;Présenter le CPC
GEOCF;2ème Année;M209;Contrôle de gestion - budgets et tableau de bord;90;Présenter le bilan
GEOCF;2ème Année;M209;Contrôle de gestion - budgets et tableau de bord;90;Sapproprier le concept de contrôle de gestion
GEOCF;2ème Année;M209;Contrôle de gestion - budgets et tableau de bord;90;Identifier les objectifs et les finalités du tableau de bord
GEOCF;2ème Année;M209;Contrôle de gestion - budgets et tableau de bord;90;Sapproprier la démarche de conception du tableau de bord
GEOCF;3ème Année;M301;Logiciel de gestion des immobilisations et déclarations fiscales;60;Sapproprier les conventions et les procédures de lancement du logiciel
GEOCF;3ème Année;M301;Logiciel de gestion des immobilisations et déclarations fiscales;60;Décrire lenvironnement du logiciel
GEOCF;3ème Année;M301;Logiciel de gestion des immobilisations et déclarations fiscales;60;Créer le dossier de lentreprise
GEOCF;3ème Année;M301;Logiciel de gestion des immobilisations et déclarations fiscales;60;Créer les bases
GEOCF;3ème Année;M301;Logiciel de gestion des immobilisations et déclarations fiscales;60;Identifier les différentes familles dImmobilisations
GEOCF;3ème Année;M301;Logiciel de gestion des immobilisations et déclarations fiscales;60;Créer et paramétrer les immobilisations
GEOCF;3ème Année;M301;Logiciel de gestion des immobilisations et déclarations fiscales;60;Gérer les immobilisations antérieures
GEOCF;3ème Année;M301;Logiciel de gestion des immobilisations et déclarations fiscales;60;Etablir le plan damortissement
GEOCF;3ème Année;M301;Logiciel de gestion des immobilisations et déclarations fiscales;60;Importer des immobilisations
GEOCF;3ème Année;M301;Logiciel de gestion des immobilisations et déclarations fiscales;60;Enregistrer les acquisitions des immobilisations
GEOCF;3ème Année;M301;Logiciel de gestion des immobilisations et déclarations fiscales;60;Calculer les immobilisations
GEOCF;3ème Année;M301;Logiciel de gestion des immobilisations et déclarations fiscales;60;Enregistrer les sorties des immobilisations
GEOCF;3ème Année;M301;Logiciel de gestion des immobilisations et déclarations fiscales;60;Réviser une immobilisation
GEOCF;3ème Année;M301;Logiciel de gestion des immobilisations et déclarations fiscales;60;Effectuer un virement
GEOCF;3ème Année;M301;Logiciel de gestion des immobilisations et déclarations fiscales;60;Générer les écritures de dotations
GEOCF;3ème Année;M301;Logiciel de gestion des immobilisations et déclarations fiscales;60;Exporter les immobilisations
GEOCF;3ème Année;M301;Logiciel de gestion des immobilisations et déclarations fiscales;60;Gérer les codes-barres
GEOCF;3ème Année;M301;Logiciel de gestion des immobilisations et déclarations fiscales;60;Recenser des immobilisations
GEOCF;3ème Année;M301;Logiciel de gestion des immobilisations et déclarations fiscales;60;Saisir linventaire
GEOCF;3ème Année;M301;Logiciel de gestion des immobilisations et déclarations fiscales;60;Relocaliser une immobilisation
GEOCF;3ème Année;M301;Logiciel de gestion des immobilisations et déclarations fiscales;60;Exporter linventaire
GEOCF;3ème Année;M301;Logiciel de gestion des immobilisations et déclarations fiscales;60;Editer les états dinventaire
GEOCF;3ème Année;M301;Logiciel de gestion des immobilisations et déclarations fiscales;60;Identifier les différents types détats
GEOCF;3ème Année;M301;Logiciel de gestion des immobilisations et déclarations fiscales;60;Générer les états
GEOCF;3ème Année;M301;Logiciel de gestion des immobilisations et déclarations fiscales;60;Sapproprier les fondements juridiques et des obligations de télédéclaration fiscales
GEOCF;3ème Année;M301;Logiciel de gestion des immobilisations et déclarations fiscales;60;Distinguer les différents modes de dépôt des déclarations fiscales et de télépaiement
GEOCF;3ème Année;M301;Logiciel de gestion des immobilisations et déclarations fiscales;60;Identifier les avantages pour les contribuables éligibles au mode électronique de déclaration
GEOCF;3ème Année;M301;Logiciel de gestion des immobilisations et déclarations fiscales;60;Reconnaitre les critères de non-conformité des télédéclarations
GEOCF;3ème Année;M301;Logiciel de gestion des immobilisations et déclarations fiscales;60;Appliquer les étapes du processus dinscription et dadhésion
GEOCF;3ème Année;M301;Logiciel de gestion des immobilisations et déclarations fiscales;60;Appliquer les étapes de télédéclaration et de télépaiement du résultat fiscal
GEOCF;3ème Année;M301;Logiciel de gestion des immobilisations et déclarations fiscales;60;Appliquer les étapes de télédéclaration et de télépaiement de la TVA
GEOCF;3ème Année;M301;Logiciel de gestion des immobilisations et déclarations fiscales;60;Appliquer les étapes de télédéclaration et de télépaiement des traitements et salaires (DTS)
GEOCF;3ème Année;M302;Audit comptable et financier;60;Définir la mission daudit
GEOCF;3ème Année;M302;Audit comptable et financier;60;Identifier les objectifs de laudit
GEOCF;3ème Année;M302;Audit comptable et financier;60;Sapproprier les principes fondamentaux régissant la mission de laudit
GEOCF;3ème Année;M302;Audit comptable et financier;60;Identifier les différents types daudits
GEOCF;3ème Année;M302;Audit comptable et financier;60;Sapproprier les normes de laudit comptable et financier
GEOCF;3ème Année;M302;Audit comptable et financier;60;Reconnaitre les étapes dune mission daudit
GEOCF;3ème Année;M302;Audit comptable et financier;60;Préparer la mission daudit
GEOCF;3ème Année;M302;Audit comptable et financier;60;Evaluer le contrôle interne
GEOCF;3ème Année;M302;Audit comptable et financier;60;Exécuter les contrôles substantifs
GEOCF;3ème Année;M302;Audit comptable et financier;60;Réaliser les travaux de fin de mission
GEOCF;3ème Année;M302;Audit comptable et financier;60;Appliquer les procédés dexamen analytique
GEOCF;3ème Année;M302;Audit comptable et financier;60;Appliquer les techniques de description des cycles
GEOCF;3ème Année;M302;Audit comptable et financier;60;Appliquer les techniques de confirmation directe
GEOCF;3ème Année;M302;Audit comptable et financier;60;Organiser les dossiers et les feuilles de travail
GEOCF;3ème Année;M302;Audit comptable et financier;60;Appliquer des tests sur le fonctionnement des contrôles
GEOCF;3ème Année;M302;Audit comptable et financier;60;Appliquer les techniques de validation des comptes
GEOCF;3ème Année;M302;Audit comptable et financier;60;Appliquer les techniques de détection des fraudes
GEOCF;3ème Année;M303;Normes comptables internationales;60;Appréhender les enjeux de la normalisation comptable internationale
GEOCF;3ème Année;M303;Normes comptables internationales;60;Appréhender le cadre conceptuel de lIASB
GEOCF;3ème Année;M303;Normes comptables internationales;60;Présenter létat de la situation financière
GEOCF;3ème Année;M303;Normes comptables internationales;60;Présenter létat de résultat global
GEOCF;3ème Année;M303;Normes comptables internationales;60;Présenter létat des flux de trésorerie
GEOCF;3ème Année;M303;Normes comptables internationales;60;Evaluer et comptabiliser des actifs non courants
GEOCF;3ème Année;M303;Normes comptables internationales;60;Evaluer et comptabiliser des actifs courants
GEOCF;3ème Année;M303;Normes comptables internationales;60;Evaluer et comptabiliser des éléments du passif du bilan
GEOCF;3ème Année;M303;Normes comptables internationales;60;Evaluation et comptabilisation des produits ordinaires
GEOCF;3ème Année;M303;Normes comptables internationales;60;Evaluation et comptabilisation des contrats de location
GEOCF;3ème Année;M303;Normes comptables internationales;60;Définir le groupe
GEOCF;3ème Année;M303;Normes comptables internationales;60;Reconnaitre les motivations de création dun groupe
GEOCF;3ème Année;M303;Normes comptables internationales;60;Reconnaitre les avantages de lorganisation en groupe
GEOCF;3ème Année;M303;Normes comptables internationales;60;Reconnaitre la règlementation applicable aux comptes consolidés
GEOCF;3ème Année;M303;Normes comptables internationales;60;Définir le périmètre de consolidation
GEOCF;3ème Année;M303;Normes comptables internationales;60;Sapproprier les dispositions de la norme IAS 27 régissant les entreprises sous contrôle exclusif
GEOCF;3ème Année;M303;Normes comptables internationales;60;Sapproprier les dispositions de la norme IAS 31 régissant les entreprises sous contrôle conjoint
GEOCF;3ème Année;M303;Normes comptables internationales;60;Sapproprier les dispositions de la norme IAS 28 régissant les entreprises sous influence notable
GEOCF;3ème Année;M303;Normes comptables internationales;60;Sapproprier les dispositions IAS/IFRS régissant les entreprises exclues du périmètre de consolidation
GEOCF;3ème Année;M303;Normes comptables internationales;60;Reconnaitre les critères de choix dune méthode de consolidation
GEOCF;3ème Année;M303;Normes comptables internationales;60;Sapproprier les principes régissant les méthodes de consolidation
GEOCF;3ème Année;M303;Normes comptables internationales;60;Appliquer la méthode de lintégration globale
GEOCF;3ème Année;M303;Normes comptables internationales;60;Appliquer la méthode de lintégration proportionnelle
GEOCF;3ème Année;M303;Normes comptables internationales;60;Appliquer la méthode de la mise en équivalence
GEOCF;3ème Année;M303;Normes comptables internationales;60;Comparer les méthodes de consolidation des comptes
GEOCF;3ème Année;M304;Gestion de projet;40;Interpréter les objectifs les caractéristiques et les limites du projet
GEOCF;3ème Année;M305;Gestion de projet - Outils et pilotage;40;Distinguer les outils de recueil des données
GEOCF;3ème Année;M305;Gestion de projet - Outils et pilotage;40;Distinguer les outils danalyse des besoins inhérents à la demande
GEOCF;3ème Année;M305;Gestion de projet - Outils et pilotage;40;Définir les règles de travail en équipe
GEOCF;3ème Année;M305;Gestion de projet - Outils et pilotage;40;Décrire la démarche analytique de létude de faisabilité
GEOCF;3ème Année;M305;Gestion de projet - Outils et pilotage;40;Reconnaitre les différents types danalyse de la faisabilité organisationnelle opérationnelle et financière
GEOCF;3ème Année;M305;Gestion de projet - Outils et pilotage;40;Etablir le rapport de faisabilité
GEOCF;3ème Année;M305;Gestion de projet - Outils et pilotage;40;Reconnaitre lenvironnement de MS PROJECT
GEOCF;3ème Année;M305;Gestion de projet - Outils et pilotage;40;Exploiter les fonctionnalités de planification
GEOCF;3ème Année;M305;Gestion de projet - Outils et pilotage;40;Piloter le projet
GEOCF;3ème Année;M305;Gestion de projet - Outils et pilotage;40;Reconnaitre les exigences définies lors de la planification du projet
GEOCF;3ème Année;M305;Gestion de projet - Outils et pilotage;40;Décrire le tableau de bord du projet
GEOCF;3ème Année;M305;Gestion de projet - Outils et pilotage;40;Etablir le rapport de suivi de projet
GEOCF;3ème Année;M306;Simulation de gestion d'entreprise;90;Enumérer les acteurs concernés par la simulation de lentreprise
GEOCF;3ème Année;M306;Simulation de gestion d'entreprise;90;Enumérer les différents couples produit/marché et les stratégies associées
GEOCF;3ème Année;M306;Simulation de gestion d'entreprise;90;Décrire le cycle dexploitation de lentreprise
GEOCF;3ème Année;M306;Simulation de gestion d'entreprise;90;Décrire le cycle dinvestissement de lentreprise
GEOCF;3ème Année;M306;Simulation de gestion d'entreprise;90;Elaborer et interpréter la fiche signalétique de lentreprise
GEOCF;3ème Année;M306;Simulation de gestion d'entreprise;90;Reconnaitre les caractéristiques de la simulation dune entreprise
GEOCF;3ème Année;M306;Simulation de gestion d'entreprise;90;Sapproprier la démarche de la simulation
GEOCF;3ème Année;M306;Simulation de gestion d'entreprise;90;Repartir les taches entre les membres de léquipe
GEOCF;3ème Année;M306;Simulation de gestion d'entreprise;90;Analyser lenvironnement interne de lentreprise
GEOCF;3ème Année;M306;Simulation de gestion d'entreprise;90;Analyser lenvironnement externe de lentreprise
GEOCF;3ème Année;M306;Simulation de gestion d'entreprise;90;Définir les objectifs de lentreprise
GEOCF;3ème Année;M306;Simulation de gestion d'entreprise;90;Elaborer et adapter la stratégie de lentreprise
GEOCF;3ème Année;M306;Simulation de gestion d'entreprise;90;Décliner la stratégie sur le plan opérationnel
GEOCF;3ème Année;M306;Simulation de gestion d'entreprise;90;Reconnaitre les modalités dévaluation des performances de lentreprise
GEOCF;3ème Année;M306;Simulation de gestion d'entreprise;90;Vérifier limpact des décisions prises sur la performance de lentreprise
GEOCF;3ème Année;M306;Simulation de gestion d'entreprise;90;Utiliser les outils damélioration pour lexploration de solutions daméliorations des performances
GEOCF;3ème Année;M306;Simulation de gestion d'entreprise;90;Sapproprier les conventions et procédures de lancement du logiciel
GEOCF;3ème Année;M306;Simulation de gestion d'entreprise;90;Décrire lenvironnement du logiciel
GEOCF;3ème Année;M306;Simulation de gestion d'entreprise;90;Simuler lentreprise
